title,content
"Stay Hydrated","Drink at least 8 glasses of water a day to stay hydrated."
"Balanced Diet","Incorporate a variety of fruits and vegetables into your meals."
"Regular Exercise","Aim for at least 150 minutes of moderate aerobic activity each week."
"Get Enough Sleep","Aim for 7-9 hours of quality sleep each night to promote health."
"Mindfulness Meditation","Practice mindfulness to reduce stress and improve mental health."
"Limit Processed Foods","Try to eat whole foods and limit processed items for better nutrition."
"Regular Checkups","Schedule regular health checkups to catch any issues early."
"Healthy Snacking","Choose fruits, nuts, and yogurt as healthier snack options."
"Limit Sugar Intake","Reduce added sugars in your diet to lower the risk of chronic diseases."
"Stay Active","Incorporate physical activity into your daily routine, like walking or biking."
"Practice Good Hygiene","Wash your hands regularly to prevent illness and infection."
"Manage Stress","Find healthy ways to manage stress, such as exercise or hobbies."
"Stay Connected","Maintain social connections to support mental health and well-being."
"Limit Alcohol Consumption","Drink alcohol in moderation to reduce health risks."
"Quit Smoking","Seek help to quit smoking and reduce the risk of lung disease."
"Practice Safe Sun Exposure","Use sunscreen to protect your skin from harmful UV rays."
"Learn First Aid","Take a first aid course to be prepared for emergencies."
"Stay Informed","Keep up with health news and recommendations from trusted sources."
"Healthy Weight Management","Maintain a healthy weight through diet and exercise."
"Limit Screen Time","Take breaks from screens to protect your eyesight and mental health."
"Engage in Hobbies","Participate in hobbies you enjoy to reduce stress and enhance happiness."
"Set Realistic Goals","Set achievable health and wellness goals to stay motivated."
"Stay Positive","Cultivate a positive mindset to improve overall well-being."
"Eat Mindfully","Pay attention to your food and eat slowly to enhance satisfaction."
"Plan Your Meals","Prepare meals in advance to make healthier choices easier."
"Seek Professional Help","Donâ€™t hesitate to reach out to healthcare professionals when needed."
"Stay Updated on Vaccines","Keep your vaccinations up to date to protect against diseases."